{
  "ie": {
    "6": 0,
    "7": 0,
    "8": 0.0000606477118771247,
    "9": 0.00103322221640664,
    "10": 0,
    "11": 0.029716431199293025,
    "5.5": 0
  },
  "edge": {
    "12": 0.00012161129725360943,
    "13": 0.0015190356584223578,
    "14": 0.036644168787257084,
    "15": 0.029594819902039417,
    "16": 0.04600255295279653,
    "17": 0.6499924837900828,
    "18": 0.019507399699977033
  },
  "firefox": {
    "2": 0,
    "3": 0,
    "4": 0,
    "5": 0,
    "6": 0,
    "7": 0,
    "8": 0,
    "9": 0,
    "10": 0,
    "11": 0,
    "12": 0,
    "13": 0,
    "14": 0,
    "15": 0.00012161129725360943,
    "16": 0,
    "17": 0,
    "18": 0,
    "19": 0,
    "20": 0,
    "21": 0,
    "22": 0,
    "23": 0.0000606477118771247,
    "24": 0,
    "25": 0,
    "26": 0,
    "27": 0.0000606477118771247,
    "28": 0,
    "29": 0,
    "30": 0,
    "31": 0,
    "32": 0,
    "33": 0,
    "34": 0.0005467770273922024,
    "35": 0.00012161129725360943,
    "36": 0.0005467770273922024,
    "37": 0.00103322221640664,
    "38": 0.00048612931551507774,
    "39": 0,
    "40": 0.00048612931551507774,
    "41": 0.0000606477118771247,
    "42": 0.00018225900913073414,
    "43": 0.004557422848766434,
    "44": 0.00018225900913073414,
    "45": 0.008568700417139384,
    "46": 0.004679034146020043,
    "47": 0.004618386434142918,
    "48": 0.06277480402181511,
    "49": 0.004800961316773013,
    "50": 0.0057119404889273235,
    "51": 0.021269342079407248,
    "52": 0.08598897923678203,
    "53": 0.0026129055867061225,
    "54": 0.012336439517505758,
    "55": 0.0007896837484000613,
    "56": 0.0038887186506212615,
    "57": 0.005712256362426683,
    "58": 0.0017012946675530921,
    "59": 0.03731224123840353,
    "60": 0.12640057125090612,
    "61": 0.022484823304944623,
    "62": 0.3414646226576756,
    "63": 0.40575940995841114,
    "64": 0.020418694745630704,
    "65": 0.0007293519100222965,
    "3.5": 0,
    "3.6": 0
  },
  "chrome": {
    "4": 0.0000606477118771247,
    "5": 0,
    "6": 0.0000606477118771247,
    "7": 0.0001212954237542494,
    "8": 0.0001212954237542494,
    "9": 0,
    "10": 0,
    "11": 0.0005467770273922024,
    "12": 0,
    "13": 0.0000606477118771247,
    "14": 0,
    "15": 0.0000606477118771247,
    "16": 0,
    "17": 0.0000606477118771247,
    "18": 0.0000606477118771247,
    "19": 0.0001819431356313741,
    "20": 0.0000606477118771247,
    "21": 0.0001819431356313741,
    "22": 0.0001212954237542494,
    "23": 0,
    "24": 0.0000606477118771247,
    "25": 0.0000606477118771247,
    "26": 0,
    "27": 0.0000606477118771247,
    "28": 0.0000606477118771247,
    "29": 0.0000606477118771247,
    "30": 0.0000606477118771247,
    "31": 0.0001819431356313741,
    "32": 0.0001212954237542494,
    "33": 0.0001819431356313741,
    "34": 0,
    "35": 0.00012161129725360943,
    "36": 0,
    "37": 0.0015190356584223578,
    "38": 0.0003642021447621082,
    "39": 0.0003642021447621082,
    "40": 0.0013367766492916237,
    "41": 0.0026732374250838875,
    "42": 0.0002425908475084988,
    "43": 0.0002425908475084988,
    "44": 0.0006683883246458119,
    "45": 0.00030387030638434354,
    "46": 0.00024290672100785887,
    "47": 0.004739681857897167,
    "48": 0.0019442013885609508,
    "49": 0.30409110196039624,
    "50": 0.0017012946675530921,
    "51": 0.012214828220252149,
    "52": 0.08592833152490491,
    "53": 0.009722902183800914,
    "54": 0.03907481536483247,
    "55": 0.022605802855199513,
    "56": 0.026981598441833933,
    "57": 0.02290967316158386,
    "58": 0.017137084960779408,
    "59": 0.0399248309516103,
    "60": 0.0051645317145364005,
    "61": 0.026860303018079686,
    "62": 0.012457734941260007,
    "63": 0.09382801187039976,
    "64": 0.009782918148679319,
    "65": 0.05712161600376875,
    "66": 0.13831152916477393,
    "67": 0.10628606268515911,
    "68": 0.44015455943022486,
    "69": 3.944257108646238,
    "70": 8.271970747081573,
    "71": 0.4617877877808948,
    "72": 0.00413130949812976,
    "73": 0.0001212954237542494
  },
  "safari": {
    "4": 0,
    "5": 0,
    "6": 0,
    "7": 0.00018225900913073414,
    "8": 0,
    "9": 0.0028561281812133415,
    "10": 0.027103525612586905,
    "11": 0.04423997882636759,
    "12": 0.3677781486483631,
    "3.1": 0,
    "3.2": 0,
    "5.1": 0,
    "6.1": 0,
    "7.1": 0,
    "9.1": 0.03251159579512988,
    "10.1": 0.08629348129016509,
    "11.1": 0.2673262694963836,
    "TP": 0
  },
  "opera": {
    "9": 0,
    "11": 0,
    "12": 0,
    "15": 0,
    "16": 0,
    "17": 0,
    "18": 0,
    "19": 0,
    "20": 0,
    "21": 0,
    "22": 0,
    "23": 0,
    "24": 0,
    "25": 0,
    "26": 0,
    "27": 0,
    "28": 0,
    "29": 0,
    "30": 0,
    "31": 0,
    "32": 0,
    "33": 0,
    "34": 0,
    "35": 0,
    "36": 0.00030355443288498354,
    "37": 0.00030387030638434354,
    "38": 0,
    "39": 0,
    "40": 0,
    "41": 0,
    "42": 0,
    "43": 0,
    "44": 0,
    "45": 0,
    "46": 0,
    "47": 0.00030387030638434354,
    "48": 0,
    "49": 0.0001212954237542494,
    "50": 0,
    "51": 0,
    "52": 0.00048612931551507774,
    "53": 0.00018225900913073414,
    "54": 0.0001212954237542494,
    "55": 0.015435790293226318,
    "56": 0.053111917802892594,
    "57": 0.0010935540547844047,
    "9.5-9.6": 0,
    "10.0-10.1": 0,
    "10.5": 0,
    "10.6": 0,
    "11.1": 0,
    "11.5": 0,
    "11.6": 0,
    "12.1": 0
  },
  "ios_saf": {
    "8": 0.0000606477118771247,
    "3.2": 0,
    "4.0-4.1": 0,
    "4.2-4.3": 0,
    "5.0-5.1": 0.0008506473337765461,
    "6.0-6.1": 0.0018229059648067014,
    "7.0-7.1": 0.0012151653520380142,
    "8.1-8.4": 0.00018225900913073414,
    "9.0-9.2": 0.17696117879946782,
    "9.3": 0.6725360595659083,
    "10.0-10.2": 0.503475192858934,
    "10.3": 1.0665070705282034,
    "11.0-11.2": 1.667944427617161,
    "11.3-11.4": 8.212962418666127,
    "12-12.1": 14.136245337430761
  },
  "op_mini": {
    "all": 0.00048581344201571773
  },
  "android": {
    "3": 0,
    "4": 0.00042548160363795295,
    "67": 17.858813263894653,
    "2.1": 0,
    "2.2": 0,
    "2.3": 0,
    "4.1": 0.006016442542310386,
    "4.2-4.3": 0.00862934812901651,
    "4.4": 0.01197128975224557,
    "4.4.3-4.4.4": 0
  },
  "bb": {
    "7": 0,
    "10": 0
  },
  "op_mob": {
    "10": 0.005156319003553039,
    "11": 0.005156319003553039,
    "12": 0.005156319003553039,
    "46": 0.005156319003553039,
    "11.1": 0.005156319003553039,
    "11.5": 0.005156319003553039,
    "12.1": 0.005156319003553039
  },
  "and_chr": {
    "70": 34.55783000970711
  },
  "and_ff": {
    "63": 0.07091644346781974
  },
  "ie_mob": {
    "10": 0,
    "11": 0
  },
  "and_uc": {
    "11.8": 0.015007465828094124
  },
  "samsung": {
    "4": 0,
    "5": 0,
    "6.2": 0,
    "7.2": 0
  },
  "and_qq": {
    "1.2": 0
  },
  "baidu": {
    "7.12": 0
  }
}